{"_timestamp":1.7391722078002322e+09,"_runtime":937.9598903,"_step":9161,"loss":40.31943893432617,"_wandb":{"runtime":938}}