{"_runtime":781.2041131,"_step":59115,"loss":-1,"_wandb":{"runtime":781},"_timestamp":1.734938739407007e+09}