{"_timestamp":1.7349355570829523e+09,"_runtime":107.6744589,"_step":611,"_wandb":{"runtime":107},"loss":-1}