{"_step":13,"loss":7.13599967956543,"_wandb":{"runtime":18},"_timestamp":1.7412527611496363e+09,"_runtime":17.7350062}