{"_step":13,"_wandb":{"runtime":16},"loss":13.002913475036621,"_timestamp":1.7412526325950453e+09,"_runtime":15.9882103}